{
  "item-list": [
    {
      "id": 1,
      "name": "CARMEN DE MAIRENA",
      "description": "El alma de las fiestas con sus originales pareados.",
      "stock": 5,
      "price": 149.99,
      "image": "assets/carmendemairena.jpg",
      "selected": "false",
      "quantity": 0,
      "addToCart": false
    },
    {
      "id": 2,
      "name": "CHUCKY DE CIEZA",
      "description": "Perfecto para intimidar a alguien que te delató.",
      "stock": 7,
      "price": 200,
      "image": "assets/chuckydecieza.jpg",
      "selected": true,
      "quantity": 0,
      "dHidden": false,
      "addToCart": false
    },
    {
      "id": 3,
      "name": "ARES",
      "description": "Para tomarse con humor cuando la Guardia Civil te para en un control.",
      "stock": 0,
      "price": 100,
      "image": "assets/pimpamtomalacasitos.png",
      "selected": true,
      "quantity": 0,
      "dHidden": false,
      "addToCart": false
    }
  ]
}